<ImportExportXml xmlns:xsi="http://www.w3.org/2001/XMLSchema-instance" OrganizationVersion="9.2.25043.202" OrganizationSchemaType="Full" CRMServerServiceabilityVersion="9.2.25043.00202">
  <Entities></Entities>
  <Roles></Roles>
  <Workflows></Workflows>
  <FieldSecurityProfiles></FieldSecurityProfiles>
  <Templates />
  <EntityMaps />
  <EntityRelationships />
  <OrganizationSettings />
  <optionsets />
  <WebResources>
    <WebResource>
      <WebResourceId>{e7130374-652d-f011-8c4d-6045bd0da0de}</WebResourceId>
      <Name>pxc_/webresources/account/forms/mainForm.js</Name>
      <DisplayName>/webresources/account/forms/mainForm.js</DisplayName>
      <Description>dd</Description>
      <WebResourceType>3</WebResourceType>
      <IntroducedVersion>1.0.0.0</IntroducedVersion>
      <IsEnabledForMobileClient>0</IsEnabledForMobileClient>
      <IsAvailableForMobileOffline>0</IsAvailableForMobileOffline>
      <IsCustomizable>1</IsCustomizable>
      <CanBeDeleted>1</CanBeDeleted>
      <IsHidden>0</IsHidden>
      <FileName>/WebResources/pxc_webresourcesaccountformsmainFormjsE7130374-652D-F011-8C4D-6045BD0DA0DE</FileName>
    </WebResource>
  </WebResources>
  <CustomControls />
  <SolutionPluginAssemblies>
    <PluginAssembly FullName="Plugins, Version=1.0.0.0, Culture=neutral, PublicKeyToken=7c2cc0fcf849baef" PluginAssemblyId="0d0a9ee5-cd09-48ad-accd-12ebd6ef96ce" CustomizationLevel="1">
      <IsolationMode>2</IsolationMode>
      <SourceType>0</SourceType>
      <IntroducedVersion>1.0</IntroducedVersion>
      <FileName>/PluginAssemblies/Plugins-0D0A9EE5-CD09-48AD-ACCD-12EBD6EF96CE/Plugins.dll</FileName>
      <PluginTypes>
        <PluginType AssemblyQualifiedName="Plugins.Plugin1, Plugins, Version=1.0.0.0, Culture=neutral, PublicKeyToken=7c2cc0fcf849baef" PluginTypeId="eb95c8ea-2778-4c79-8e42-c7743219be84" Name="Plugins.Plugin1">
          <FriendlyName>05191380-82a6-4626-a3ea-979a67c2853d</FriendlyName>
        </PluginType>
      </PluginTypes>
    </PluginAssembly>
  </SolutionPluginAssemblies>
  <EntityDataProviders />
  <Languages>
    <Language>1033</Language>
  </Languages>
</ImportExportXml>